Date,Strain,Genera,Beaker,HeatTrt,Comeup Time,MediaType,IncubationTime,Countcfu,Startingconc
4/2/24,1,Brachybacterium,,A,3:17,SPC,24,0,2665000
4/2/24,1,Brachybacterium,,A,3:17,SPC,48,1940000,2665000
4/2/24,1,Brachybacterium,,A,3:17,SPC,72,2670000,2665000
4/2/24,1,Brachybacterium,,A,3:17,PF,24,0,2665000
4/2/24,1,Brachybacterium,,A,3:17,PF,48,34500,2665000
4/2/24,1,Brachybacterium,,A,3:17,PF,72,460000,2665000
4/2/24,1,Brachybacterium,,B,3:01,SPC,24,0,2665000
4/2/24,1,Brachybacterium,,B,3:01,SPC,48,1670000,2665000
4/2/24,1,Brachybacterium,,B,3:01,SPC,72,1950000,2665000
4/2/24,1,Brachybacterium,,B,3:01,PF,24,0,2665000
4/2/24,1,Brachybacterium,,B,3:01,PF,48,56000,2665000
4/2/24,1,Brachybacterium,,B,3:01,PF,72,340000,2665000
4/2/24,1,Brachybacterium,,C,2:41,SPC,24,0,2665000
4/2/24,1,Brachybacterium,,C,2:41,SPC,48,11400,2665000
4/2/24,1,Brachybacterium,,C,2:41,SPC,72,38000,2665000
4/2/24,1,Brachybacterium,,C,2:41,PF,24,0,2665000
4/2/24,1,Brachybacterium,,C,2:41,PF,48,3200,2665000
4/2/24,1,Brachybacterium,,C,2:41,PF,72,5100,2665000
4/2/24,1,Brachybacterium,,D,2:59,SPC,24,0,2665000
4/2/24,1,Brachybacterium,,D,2:59,SPC,48,1920,2665000
4/2/24,1,Brachybacterium,,D,2:59,SPC,72,3310,2665000
4/2/24,1,Brachybacterium,,D,2:59,PF,24,0,2665000
4/2/24,1,Brachybacterium,,D,2:59,PF,48,1970,2665000
4/2/24,1,Brachybacterium,,D,2:59,PF,72,2895,2665000
4/2/24,2,Brachybacterium,,A,3:17,SPC,24,64,63500
4/2/24,2,Brachybacterium,,A,3:17,SPC,48,31100,63500
4/2/24,2,Brachybacterium,,A,3:17,SPC,72,57500,63500
4/2/24,2,Brachybacterium,,A,3:17,PF,24,16,63500
4/2/24,2,Brachybacterium,,A,3:17,PF,48,15650,63500
4/2/24,2,Brachybacterium,,A,3:17,PF,72,26750,63500
4/2/24,2,Brachybacterium,,B,3:01,SPC,24,33.5,63500
4/2/24,2,Brachybacterium,,B,3:01,SPC,48,38500,63500
4/2/24,2,Brachybacterium,,B,3:01,SPC,72,45000,63500
4/2/24,2,Brachybacterium,,B,3:01,PF,24,16,63500
4/2/24,2,Brachybacterium,,B,3:01,PF,48,24550,63500
4/2/24,2,Brachybacterium,,B,3:01,PF,72,56500,63500
4/2/24,2,Brachybacterium,,C,2:41,SPC,24,20,63500
4/2/24,2,Brachybacterium,,C,2:41,SPC,48,25400,63500
4/2/24,2,Brachybacterium,,C,2:41,SPC,72,42500,63500
4/2/24,2,Brachybacterium,,C,2:41,PF,24,19,63500
4/2/24,2,Brachybacterium,,C,2:41,PF,48,4900,63500
4/2/24,2,Brachybacterium,,C,2:41,PF,72,19050,63500
4/2/24,2,Brachybacterium,,D,2:59,SPC,24,7,63500
4/2/24,2,Brachybacterium,,D,2:59,SPC,48,1680,63500
4/2/24,2,Brachybacterium,,D,2:59,SPC,72,3650,63500
4/2/24,2,Brachybacterium,,D,2:59,PF,24,1,63500
4/2/24,2,Brachybacterium,,D,2:59,PF,48,85,63500
4/2/24,2,Brachybacterium,,D,2:59,PF,72,1875,63500
3/5/24,3,Brachybacterium,,A,2:49,SPC,24,33,315500
3/5/24,3,Brachybacterium,,A,2:49,SPC,48,6850,315500
3/5/24,3,Brachybacterium,,A,2:49,SPC,72,11800,315500
3/5/24,3,Brachybacterium,,A,2:49,PF,24,5,315500
3/5/24,3,Brachybacterium,,A,2:49,PF,48,1095,315500
3/5/24,3,Brachybacterium,,A,2:49,PF,72,14000,315500
3/5/24,3,Brachybacterium,,B,2:56,SPC,24,80,315500
3/5/24,3,Brachybacterium,,B,2:56,SPC,48,27000,315500
3/5/24,3,Brachybacterium,,B,2:56,SPC,72,107000,315500
3/5/24,3,Brachybacterium,,B,2:56,PF,24,75,315500
3/5/24,3,Brachybacterium,,B,2:56,PF,48,100000,315500
3/5/24,3,Brachybacterium,,B,2:56,PF,72,360000,315500
3/5/24,3,Brachybacterium,,C,4:00,SPC,24,39,315500
3/5/24,3,Brachybacterium,,C,4:00,SPC,48,84500,315500
3/5/24,3,Brachybacterium,,C,4:00,SPC,72,126000,315500
3/5/24,3,Brachybacterium,,C,4:00,PF,24,50,315500
3/5/24,3,Brachybacterium,,C,4:00,PF,48,18850,315500
3/5/24,3,Brachybacterium,,C,4:00,PF,72,83000,315500
3/5/24,3,Brachybacterium,,D,4:00,SPC,24,8,315500
3/5/24,3,Brachybacterium,,D,4:00,SPC,48,1410,315500
3/5/24,3,Brachybacterium,,D,4:00,SPC,72,7700,315500
3/5/24,3,Brachybacterium,,D,4:00,PF,24,10,315500
3/5/24,3,Brachybacterium,,D,4:00,PF,48,10250,315500
3/5/24,3,Brachybacterium,,D,4:00,PF,72,83000,315500
11/20/23,4,Brachybacterium,,A,NA,SPC,24,0,1330000
11/20/23,4,Brachybacterium,,A,NA,SPC,48,3,1330000
11/20/23,4,Brachybacterium,,A,NA,SPC,72,23,1330000
11/20/23,4,Brachybacterium,,A,NA,PF,24,0,1330000
11/20/23,4,Brachybacterium,,A,NA,PF,48,0.5,1330000
11/20/23,4,Brachybacterium,,A,NA,PF,72,0.5,1330000
11/20/23,4,Brachybacterium,,B,NA,SPC,24,0,1330000
11/20/23,4,Brachybacterium,,B,NA,SPC,48,0,1330000
11/20/23,4,Brachybacterium,,B,NA,SPC,72,17,1330000
11/20/23,4,Brachybacterium,,B,NA,PF,24,1,1330000
11/20/23,4,Brachybacterium,,B,NA,PF,48,1,1330000
11/20/23,4,Brachybacterium,,B,NA,PF,72,2,1330000
11/20/23,4,Brachybacterium,,C,NA,SPC,24,0,1330000
11/20/23,4,Brachybacterium,,C,NA,SPC,48,0,1330000
11/20/23,4,Brachybacterium,,C,NA,SPC,72,35,1330000
11/20/23,4,Brachybacterium,,C,NA,PF,24,0.5,1330000
11/20/23,4,Brachybacterium,,C,NA,PF,48,0.5,1330000
11/20/23,4,Brachybacterium,,C,NA,PF,72,30,1330000
11/20/23,4,Brachybacterium,,D,NA,SPC,24,0,1330000
11/20/23,4,Brachybacterium,,D,NA,SPC,48,0,1330000
11/20/23,4,Brachybacterium,,D,NA,SPC,72,5,1330000
11/20/23,4,Brachybacterium,,D,NA,PF,24,0,1330000
11/20/23,4,Brachybacterium,,D,NA,PF,48,0,1330000
11/20/23,4,Brachybacterium,,D,NA,PF,72,0,1330000
2/27/24,5,Brachybacterium,,A,2:14,SPC,24,249,1340000
2/27/24,5,Brachybacterium,,A,2:14,SPC,48,52500,1340000
2/27/24,5,Brachybacterium,,A,2:14,SPC,72,58500,1340000
2/27/24,5,Brachybacterium,,A,2:14,PF,24,110,1340000
2/27/24,5,Brachybacterium,,A,2:14,PF,48,15500,1340000
2/27/24,5,Brachybacterium,,A,2:14,PF,72,51500,1340000
3/1/24,5,Brachybacterium,,B,3:23,SPC,24,48.5,2650000
3/1/24,5,Brachybacterium,,B,3:23,SPC,48,21300,2650000
3/1/24,5,Brachybacterium,,B,3:23,SPC,72,49000,2650000
3/1/24,5,Brachybacterium,,B,3:23,PF,24,250,2650000
3/1/24,5,Brachybacterium,,B,3:23,PF,48,5550,2650000
3/1/24,5,Brachybacterium,,B,3:23,PF,72,26750,2650000
2/27/24,5,Brachybacterium,,C,3:00,SPC,24,79.5,1340000
2/27/24,5,Brachybacterium,,C,3:00,SPC,48,2380,1340000
2/27/24,5,Brachybacterium,,C,3:00,SPC,72,5650,1340000
2/27/24,5,Brachybacterium,,C,3:00,PF,24,0,1340000
2/27/24,5,Brachybacterium,,C,3:00,PF,48,120,1340000
2/27/24,5,Brachybacterium,,C,3:00,PF,72,1205,1340000
2/27/24,5,Brachybacterium,,D,3:00,SPC,24,118,1340000
2/27/24,5,Brachybacterium,,D,3:00,SPC,48,2000,1340000
2/27/24,5,Brachybacterium,,D,3:00,SPC,72,4950,1340000
2/27/24,5,Brachybacterium,,D,3:00,PF,24,7,1340000
2/27/24,5,Brachybacterium,,D,3:00,PF,48,770,1340000
2/27/24,5,Brachybacterium,,D,3:00,PF,72,2235,1340000
1/16/24,6,Corynebacterium,,A,2:41,SPC,24,0,11050000
1/16/24,6,Corynebacterium,,A,2:41,SPC,48,0,11050000
1/16/24,6,Corynebacterium,,A,2:41,SPC,72,0,11050000
1/16/24,6,Corynebacterium,,A,2:41,PF,24,0,11050000
1/16/24,6,Corynebacterium,,A,2:41,PF,48,0,11050000
1/16/24,6,Corynebacterium,,A,2:41,PF,72,0,11050000
1/16/24,6,Corynebacterium,,B,6:00,SPC,24,0,11050000
1/16/24,6,Corynebacterium,,B,6:00,SPC,48,0.5,11050000
1/16/24,6,Corynebacterium,,B,6:00,SPC,72,0.5,11050000
1/16/24,6,Corynebacterium,,B,6:00,PF,24,0,11050000
1/16/24,6,Corynebacterium,,B,6:00,PF,48,0,11050000
1/16/24,6,Corynebacterium,,B,6:00,PF,72,0,11050000
1/16/24,6,Corynebacterium,,C,3:24,SPC,24,0,11050000
1/16/24,6,Corynebacterium,,C,3:24,SPC,48,0,11050000
1/16/24,6,Corynebacterium,,C,3:24,SPC,72,0,11050000
1/16/24,6,Corynebacterium,,C,3:24,PF,24,0,11050000
1/16/24,6,Corynebacterium,,C,3:24,PF,48,0,11050000
1/16/24,6,Corynebacterium,,C,3:24,PF,72,0,11050000
1/16/24,6,Corynebacterium,,D,2:42,SPC,24,0,11050000
1/16/24,6,Corynebacterium,,D,2:42,SPC,48,0,11050000
1/16/24,6,Corynebacterium,,D,2:42,SPC,72,0,11050000
1/16/24,6,Corynebacterium,,D,2:42,PF,24,0,11050000
1/16/24,6,Corynebacterium,,D,2:42,PF,48,0,11050000
1/16/24,6,Corynebacterium,,D,2:42,PF,72,0,11050000
3/29/24,7,Corynebacterium,,A,3:05,SPC,24,0,245500
3/29/24,7,Corynebacterium,,A,3:05,SPC,48,0,245500
3/29/24,7,Corynebacterium,,A,3:05,SPC,72,0,245500
3/29/24,7,Corynebacterium,,A,3:05,PF,24,0,245500
3/29/24,7,Corynebacterium,,A,3:05,PF,48,0,245500
3/29/24,7,Corynebacterium,,A,3:05,PF,72,0,245500
12/5/23,7,Corynebacterium,,B,2:30,SPC,24,0,3800000
12/5/23,7,Corynebacterium,,B,2:30,SPC,48,0,3800000
12/5/23,7,Corynebacterium,,B,2:30,SPC,72,0,3800000
12/5/23,7,Corynebacterium,,B,2:30,PF,24,0,3800000
12/5/23,7,Corynebacterium,,B,2:30,PF,48,0,3800000
12/5/23,7,Corynebacterium,,B,2:30,PF,72,0,3800000
12/5/23,7,Corynebacterium,,C,2:45,SPC,24,0,3800000
12/5/23,7,Corynebacterium,,C,2:45,SPC,48,0,3800000
12/5/23,7,Corynebacterium,,C,2:45,SPC,72,0,3800000
12/5/23,7,Corynebacterium,,C,2:45,PF,24,0,3800000
12/5/23,7,Corynebacterium,,C,2:45,PF,48,0,3800000
12/5/23,7,Corynebacterium,,C,2:45,PF,72,0,3800000
12/5/23,7,Corynebacterium,,D,3:38,SPC,24,0,3800000
12/5/23,7,Corynebacterium,,D,3:38,SPC,48,0,3800000
12/5/23,7,Corynebacterium,,D,3:38,SPC,72,0,3800000
12/5/23,7,Corynebacterium,,D,3:38,PF,24,0,3800000
12/5/23,7,Corynebacterium,,D,3:38,PF,48,0,3800000
12/5/23,7,Corynebacterium,,D,3:38,PF,72,0,3800000
3/22/24,8,corynebacterium,,A,3:34,SPC,24,0,3050000
3/22/24,8,corynebacterium,,A,3:34,SPC,48,0,3050000
3/22/24,8,corynebacterium,,A,3:34,SPC,72,0,3050000
3/22/24,8,corynebacterium,,A,3:34,PF,24,0,3050000
3/22/24,8,corynebacterium,,A,3:34,PF,48,0,3050000
3/22/24,8,corynebacterium,,A,3:34,PF,72,0,3050000
3/22/24,8,corynebacterium,,B,2:53,SPC,24,0,3050000
3/22/24,8,corynebacterium,,B,2:53,SPC,48,0,3050000
3/22/24,8,corynebacterium,,B,2:53,SPC,72,0,3050000
3/22/24,8,corynebacterium,,B,2:53,PF,24,0,3050000
3/22/24,8,corynebacterium,,B,2:53,PF,48,0,3050000
3/22/24,8,corynebacterium,,B,2:53,PF,72,0,3050000
3/22/24,8,corynebacterium,,C,3:25,SPC,24,0,3050000
3/22/24,8,corynebacterium,,C,3:25,SPC,48,0,3050000
3/22/24,8,corynebacterium,,C,3:25,SPC,72,0,3050000
3/22/24,8,corynebacterium,,C,3:25,PF,24,0,3050000
3/22/24,8,corynebacterium,,C,3:25,PF,48,0,3050000
3/22/24,8,corynebacterium,,C,3:25,PF,72,0,3050000
3/22/24,8,corynebacterium,,D,3:01,SPC,24,0,3050000
3/22/24,8,corynebacterium,,D,3:01,SPC,48,0,3050000
3/22/24,8,corynebacterium,,D,3:01,SPC,72,0,3050000
3/22/24,8,corynebacterium,,D,3:01,PF,24,0,3050000
3/22/24,8,corynebacterium,,D,3:01,PF,48,0,3050000
3/22/24,8,corynebacterium,,D,3:01,PF,72,0,3050000
11/30/23,9,Enterococcus,,A,NA,SPC,24,0,24050000
11/30/23,9,Enterococcus,,A,NA,SPC,48,5,24050000
11/30/23,9,Enterococcus,,A,NA,SPC,72,6,24050000
11/30/23,9,Enterococcus,,A,NA,PF,24,1.5,24050000
11/30/23,9,Enterococcus,,A,NA,PF,48,11,24050000
11/30/23,9,Enterococcus,,A,NA,PF,72,11,24050000
11/30/23,9,Enterococcus,,B,NA,SPC,24,0,24050000
11/30/23,9,Enterococcus,,B,NA,SPC,48,0,24050000
11/30/23,9,Enterococcus,,B,NA,SPC,72,0,24050000
11/30/23,9,Enterococcus,,B,NA,PF,24,0,24050000
11/30/23,9,Enterococcus,,B,NA,PF,48,2,24050000
11/30/23,9,Enterococcus,,B,NA,PF,72,2,24050000
3/29/24,9,Enterococcus,,C,NA,SPC,24,0,5650000
3/29/24,9,Enterococcus,,C,NA,SPC,48,2,5650000
3/29/24,9,Enterococcus,,C,NA,SPC,72,2.5,5650000
3/29/24,9,Enterococcus,,C,NA,PF,24,0,5650000
3/29/24,9,Enterococcus,,C,NA,PF,48,1.5,5650000
3/29/24,9,Enterococcus,,C,NA,PF,72,2,5650000
11/30/23,9,Enterococcus,,D,NA,SPC,24,0,24050000
11/30/23,9,Enterococcus,,D,NA,SPC,48,0,24050000
11/30/23,9,Enterococcus,,D,NA,SPC,72,0,24050000
11/30/23,9,Enterococcus,,D,NA,PF,24,0,24050000
11/30/23,9,Enterococcus,,D,NA,PF,48,2.5,24050000
11/30/23,9,Enterococcus,,D,NA,PF,72,2.5,24050000
1/16/24,10,Enterococcus,,A,2:41,SPC,24,118,136500000
1/16/24,10,Enterococcus,,A,2:41,SPC,48,1075,136500000
1/16/24,10,Enterococcus,,A,2:41,SPC,72,1450,136500000
1/16/24,10,Enterococcus,,A,2:41,PF,24,5,136500000
1/16/24,10,Enterococcus,,A,2:41,PF,48,54,136500000
1/16/24,10,Enterococcus,,A,2:41,PF,72,73,136500000
1/16/24,10,Enterococcus,,B,6:00,SPC,24,3300,136500000
1/16/24,10,Enterococcus,,B,6:00,SPC,48,7300,136500000
1/16/24,10,Enterococcus,,B,6:00,SPC,72,8100,136500000
1/16/24,10,Enterococcus,,B,6:00,PF,24,74,136500000
1/16/24,10,Enterococcus,,B,6:00,PF,48,303,136500000
1/16/24,10,Enterococcus,,B,6:00,PF,72,303,136500000
3/29/24,10,Enterococcus,,C,3:24,SPC,24,225,4750000
3/29/24,10,Enterococcus,,C,3:24,SPC,48,1060,4750000
3/29/24,10,Enterococcus,,C,3:24,SPC,72,1180,4750000
3/29/24,10,Enterococcus,,C,3:24,PF,24,70.5,4750000
3/29/24,10,Enterococcus,,C,3:24,PF,48,145,4750000
3/29/24,10,Enterococcus,,C,3:24,PF,72,150.5,4750000
1/16/24,10,Enterococcus,,D,2:42,SPC,24,325,136500000
1/16/24,10,Enterococcus,,D,2:42,SPC,48,400,136500000
1/16/24,10,Enterococcus,,D,2:42,SPC,72,2070,136500000
1/16/24,10,Enterococcus,,D,2:42,PF,24,315,136500000
1/16/24,10,Enterococcus,,D,2:42,PF,48,375,136500000
1/16/24,10,Enterococcus,,D,2:42,PF,72,375,136500000
3/19/24,11,Enterococcus,,A,3:41,SPC,24,0,910000
3/19/24,11,Enterococcus,,A,3:41,SPC,48,0,910000
3/19/24,11,Enterococcus,,A,3:41,SPC,72,0,910000
3/19/24,11,Enterococcus,,A,3:41,PF,24,0,910000
3/19/24,11,Enterococcus,,A,3:41,PF,48,0,910000
3/19/24,11,Enterococcus,,A,3:41,PF,72,0,910000
3/19/24,11,Enterococcus,,B,2:29,SPC,24,0,910000
3/19/24,11,Enterococcus,,B,2:29,SPC,48,0,910000
3/19/24,11,Enterococcus,,B,2:29,SPC,72,0,910000
3/19/24,11,Enterococcus,,B,2:29,PF,24,0,910000
3/19/24,11,Enterococcus,,B,2:29,PF,48,0,910000
3/19/24,11,Enterococcus,,B,2:29,PF,72,0,910000
3/19/24,11,Enterococcus,,C,3:16,SPC,24,0,910000
3/19/24,11,Enterococcus,,C,3:16,SPC,48,0,910000
3/19/24,11,Enterococcus,,C,3:16,SPC,72,0,910000
3/19/24,11,Enterococcus,,C,3:16,PF,24,0,910000
3/19/24,11,Enterococcus,,C,3:16,PF,48,0,910000
3/19/24,11,Enterococcus,,C,3:16,PF,72,0,910000
3/19/24,11,Enterococcus,,D,3:30,SPC,24,0,910000
3/19/24,11,Enterococcus,,D,3:30,SPC,48,0,910000
3/19/24,11,Enterococcus,,D,3:30,SPC,72,0,910000
3/19/24,11,Enterococcus,,D,3:30,PF,24,0,910000
3/19/24,11,Enterococcus,,D,3:30,PF,48,0,910000
3/19/24,11,Enterococcus,,D,3:30,PF,72,0,910000
3/11/24,12,Enterococcus,,A,3:23,SPC,24,0,760000
3/11/24,12,Enterococcus,,A,3:23,SPC,48,0,760000
3/11/24,12,Enterococcus,,A,3:23,SPC,72,0,760000
3/11/24,12,Enterococcus,,A,3:23,PF,24,0,760000
3/11/24,12,Enterococcus,,A,3:23,PF,48,0,760000
3/11/24,12,Enterococcus,,A,3:23,PF,72,0,760000
3/11/24,12,Enterococcus,,B,3:38,SPC,24,0,760000
3/11/24,12,Enterococcus,,B,3:38,SPC,48,0,760000
3/11/24,12,Enterococcus,,B,3:38,SPC,72,0,760000
3/11/24,12,Enterococcus,,B,3:38,PF,24,0,760000
3/11/24,12,Enterococcus,,B,3:38,PF,48,0,760000
3/11/24,12,Enterococcus,,B,3:38,PF,72,0,760000
3/11/24,12,Enterococcus,,C,2:31,SPC,24,0,760000
3/11/24,12,Enterococcus,,C,2:31,SPC,48,0,760000
3/11/24,12,Enterococcus,,C,2:31,SPC,72,0,760000
3/11/24,12,Enterococcus,,C,2:31,PF,24,0,760000
3/11/24,12,Enterococcus,,C,2:31,PF,48,0,760000
3/11/24,12,Enterococcus,,C,2:31,PF,72,0,760000
3/11/24,12,Enterococcus,,D,2:23,SPC,24,0,760000
3/11/24,12,Enterococcus,,D,2:23,SPC,48,0,760000
3/11/24,12,Enterococcus,,D,2:23,SPC,72,0,760000
3/11/24,12,Enterococcus,,D,2:23,PF,24,0,760000
3/11/24,12,Enterococcus,,D,2:23,PF,48,0,760000
3/11/24,12,Enterococcus,,D,2:23,PF,72,0,760000
3/8/24,13,Enterococcus,,A,,SPC,24,470000,1120000
3/8/24,13,Enterococcus,,A,,SPC,48,635000,1120000
3/8/24,13,Enterococcus,,A,,SPC,72,625000,1120000
3/8/24,13,Enterococcus,,A,,PF,24,660000,1120000
3/8/24,13,Enterococcus,,A,,PF,48,720000,1120000
3/8/24,13,Enterococcus,,A,,PF,72,720000,1120000
3/8/24,13,Enterococcus,,B,,SPC,24,410000,1120000
3/8/24,13,Enterococcus,,B,,SPC,48,525000,1120000
3/8/24,13,Enterococcus,,B,,SPC,72,86000,1120000
3/8/24,13,Enterococcus,,B,,PF,24,86000,1120000
3/8/24,13,Enterococcus,,B,,PF,48,126000,1120000
3/8/24,13,Enterococcus,,B,,PF,72,129000,1120000
3/8/24,13,Enterococcus,,C,,SPC,24,2240,1120000
3/8/24,13,Enterococcus,,C,,SPC,48,63500,1120000
3/8/24,13,Enterococcus,,C,,SPC,72,540000,1120000
3/8/24,13,Enterococcus,,C,,PF,24,5200,1120000
3/8/24,13,Enterococcus,,C,,PF,48,9600,1120000
3/8/24,13,Enterococcus,,C,,PF,72,9900,1120000
3/8/24,13,Enterococcus,,D,,SPC,24,39,1120000
3/8/24,13,Enterococcus,,D,,SPC,48,69,1120000
3/8/24,13,Enterococcus,,D,,SPC,72,79.5,1120000
3/8/24,13,Enterococcus,,D,,PF,24,15,1120000
3/8/24,13,Enterococcus,,D,,PF,48,44,1120000
3/8/24,13,Enterococcus,,D,,PF,72,52.5,1120000
2/27/24,15,Kocuria,,A,2:14,SPC,24,0,3170000
2/27/24,15,Kocuria,,A,2:14,SPC,48,0,3170000
2/27/24,15,Kocuria,,A,2:14,SPC,72,0,3170000
2/27/24,15,Kocuria,,A,2:14,PF,24,0,3170000
2/27/24,15,Kocuria,,A,2:14,PF,48,0,3170000
2/27/24,15,Kocuria,,A,2:14,PF,72,0,3170000
3/1/24,15,Kocuria,,B,3:23,SPC,24,0,595000
3/1/24,15,Kocuria,,B,3:23,SPC,48,0,595000
3/1/24,15,Kocuria,,B,3:23,SPC,72,0,595000
3/1/24,15,Kocuria,,B,3:23,PF,24,0,595000
3/1/24,15,Kocuria,,B,3:23,PF,48,0,595000
3/1/24,15,Kocuria,,B,3:23,PF,72,0,595000
2/27/24,15,Kocuria,,C,3:00,SPC,24,0,3170000
2/27/24,15,Kocuria,,C,3:00,SPC,48,0,3170000
2/27/24,15,Kocuria,,C,3:00,SPC,72,0,3170000
2/27/24,15,Kocuria,,C,3:00,PF,24,0,3170000
2/27/24,15,Kocuria,,C,3:00,PF,48,0,3170000
2/27/24,15,Kocuria,,C,3:00,PF,72,0,3170000
2/27/24,15,Kocuria,,D,3:00,SPC,24,0,3170000
2/27/24,15,Kocuria,,D,3:00,SPC,48,0,3170000
2/27/24,15,Kocuria,,D,3:00,SPC,72,0,3170000
2/27/24,15,Kocuria,,D,3:00,PF,24,0,3170000
2/27/24,15,Kocuria,,D,3:00,PF,48,0,3170000
2/27/24,15,Kocuria,,D,3:00,PF,72,0,3170000
3/5/24,16,Kocuria,,A,2:49,SPC,24,0,1765000
3/5/24,16,Kocuria,,A,2:49,SPC,48,179,1765000
3/5/24,16,Kocuria,,A,2:49,SPC,72,186,1765000
3/5/24,16,Kocuria,,A,2:49,PF,24,0,1765000
3/5/24,16,Kocuria,,A,2:49,PF,48,0,1765000
3/5/24,16,Kocuria,,A,2:49,PF,72,0,1765000
3/5/24,16,Kocuria,,B,2:56,SPC,24,0,1765000
3/5/24,16,Kocuria,,B,2:56,SPC,48,160,1765000
3/5/24,16,Kocuria,,B,2:56,SPC,72,19.5,1765000
3/5/24,16,Kocuria,,B,2:56,PF,24,0,1765000
3/5/24,16,Kocuria,,B,2:56,PF,48,0,1765000
3/5/24,16,Kocuria,,B,2:56,PF,72,0,1765000
3/5/24,16,Kocuria,,C,4:00,SPC,24,0,1765000
3/5/24,16,Kocuria,,C,4:00,SPC,48,73.5,1765000
3/5/24,16,Kocuria,,C,4:00,SPC,72,84.5,1765000
3/5/24,16,Kocuria,,C,4:00,PF,24,0,1765000
3/5/24,16,Kocuria,,C,4:00,PF,48,0,1765000
3/5/24,16,Kocuria,,C,4:00,PF,72,0,1765000
3/5/24,16,Kocuria,,D,4:00,SPC,24,0,1765000
3/5/24,16,Kocuria,,D,4:00,SPC,48,535,1765000
3/5/24,16,Kocuria,,D,4:00,SPC,72,585,1765000
3/5/24,16,Kocuria,,D,4:00,PF,24,0,1765000
3/5/24,16,Kocuria,,D,4:00,PF,48,0,1765000
3/5/24,16,Kocuria,,D,4:00,PF,72,0,1765000
3/8/24,17,Kocuria,,A,3:39,SPC,24,199000,690000
3/8/24,17,Kocuria,,A,3:39,SPC,48,500000,690000
3/8/24,17,Kocuria,,A,3:39,SPC,72,480000,690000
3/8/24,17,Kocuria,,A,3:39,PF,24,0,690000
3/8/24,17,Kocuria,,A,3:39,PF,48,52.5,690000
3/8/24,17,Kocuria,,A,3:39,PF,72,90,690000
3/8/24,17,Kocuria,,B,2:47,SPC,24,715000,690000
3/8/24,17,Kocuria,,B,2:47,SPC,48,640000,690000
3/8/24,17,Kocuria,,B,2:47,SPC,72,625000,690000
3/8/24,17,Kocuria,,B,2:47,PF,24,0,690000
3/8/24,17,Kocuria,,B,2:47,PF,48,,690000
3/8/24,17,Kocuria,,B,2:47,PF,72,120,690000
3/8/24,17,Kocuria,,C,3:10,SPC,24,293000,690000
3/8/24,17,Kocuria,,C,3:10,SPC,48,560000,690000
3/8/24,17,Kocuria,,C,3:10,SPC,72,585000,690000
3/8/24,17,Kocuria,,C,3:10,PF,24,0,690000
3/8/24,17,Kocuria,,C,3:10,PF,48,10,690000
3/8/24,17,Kocuria,,C,3:10,PF,72,150,690000
3/8/24,17,Kocuria,,D,2:50,SPC,24,25200,690000
3/8/24,17,Kocuria,,D,2:50,SPC,48,355000,690000
3/8/24,17,Kocuria,,D,2:50,SPC,72,355000,690000
3/8/24,17,Kocuria,,D,2:50,PF,24,0,690000
3/8/24,17,Kocuria,,D,2:50,PF,48,0,690000
3/8/24,17,Kocuria,,D,2:50,PF,72,55,690000
11/30/23,18,Kocuria,,A,NA,SPC,24,0,13700000
11/30/23,18,Kocuria,,A,NA,SPC,48,9450000,13700000
11/30/23,18,Kocuria,,A,NA,SPC,72,10850000,13700000
11/30/23,18,Kocuria,,A,NA,PF,24,0,13700000
11/30/23,18,Kocuria,,A,NA,PF,48,109500,13700000
11/30/23,18,Kocuria,,A,NA,PF,72,4900000,13700000
11/30/23,18,Kocuria,,B,NA,SPC,24,0,13700000
11/30/23,18,Kocuria,,B,NA,SPC,48,11450000,13700000
11/30/23,18,Kocuria,,B,NA,SPC,72,10900000,13700000
11/30/23,18,Kocuria,,B,NA,PF,24,0,13700000
11/30/23,18,Kocuria,,B,NA,PF,48,6150000,13700000
11/30/23,18,Kocuria,,B,NA,PF,72,9400000,13700000
3/29/24,18,Kocuria,,C,3:24,SPC,24,273000,1210000
3/29/24,18,Kocuria,,C,3:24,SPC,48,810000,1210000
3/29/24,18,Kocuria,,C,3:24,SPC,72,865000,1210000
3/29/24,18,Kocuria,,C,3:24,PF,24,25,1210000
3/29/24,18,Kocuria,,C,3:24,PF,48,54000,1210000
3/29/24,18,Kocuria,,C,3:24,PF,72,169500,1210000
11/30/23,18,Kocuria,,D,NA,SPC,24,0,13700000
11/30/23,18,Kocuria,,D,NA,SPC,48,750000,13700000
11/30/23,18,Kocuria,,D,NA,SPC,72,1505000,13700000
11/30/23,18,Kocuria,,D,NA,PF,24,0,13700000
11/30/23,18,Kocuria,,D,NA,PF,48,1605,13700000
11/30/23,18,Kocuria,,D,NA,PF,72,9300,13700000
12/15/23,19,Macrococcus,,A,2:09,SPC,24,0,3315000
12/15/23,19,Macrococcus,,A,2:09,SPC,48,0,3315000
12/15/23,19,Macrococcus,,A,2:09,SPC,72,0,3315000
12/15/23,19,Macrococcus,,A,2:09,PF,24,0,3315000
12/15/23,19,Macrococcus,,A,2:09,PF,48,0,3315000
12/15/23,19,Macrococcus,,A,2:09,PF,72,0,3315000
12/15/23,19,Macrococcus,,B,2:23,SPC,24,0,3315000
12/15/23,19,Macrococcus,,B,2:23,SPC,48,0,3315000
12/15/23,19,Macrococcus,,B,2:23,SPC,72,0,3315000
12/15/23,19,Macrococcus,,B,2:23,PF,24,0,3315000
12/15/23,19,Macrococcus,,B,2:23,PF,48,0,3315000
12/15/23,19,Macrococcus,,B,2:23,PF,72,0,3315000
12/15/23,19,Macrococcus,,C,4:18,SPC,24,0,3315000
12/15/23,19,Macrococcus,,C,4:18,SPC,48,0,3315000
12/15/23,19,Macrococcus,,C,4:18,SPC,72,0,3315000
12/15/23,19,Macrococcus,,C,4:18,PF,24,0,3315000
12/15/23,19,Macrococcus,,C,4:18,PF,48,0,3315000
12/15/23,19,Macrococcus,,C,4:18,PF,72,0,3315000
12/15/23,19,Macrococcus,,D,4:38,SPC,24,0,3315000
12/15/23,19,Macrococcus,,D,4:38,SPC,48,0,3315000
12/15/23,19,Macrococcus,,D,4:38,SPC,72,0,3315000
12/15/23,19,Macrococcus,,D,4:38,PF,24,0,3315000
12/15/23,19,Macrococcus,,D,4:38,PF,48,0,3315000
12/15/23,19,Macrococcus,,D,4:38,PF,72,0,3315000
3/19/24,20,Macrococcus,,A,3:41,SPC,24,0,970000
3/19/24,20,Macrococcus,,A,3:41,SPC,48,1.5,970000
3/19/24,20,Macrococcus,,A,3:41,SPC,72,1.5,970000
3/19/24,20,Macrococcus,,A,3:41,PF,24,0,970000
3/19/24,20,Macrococcus,,A,3:41,PF,48,0,970000
3/19/24,20,Macrococcus,,A,3:41,PF,72,0,970000
3/19/24,20,Macrococcus,,B,2:29,SPC,24,0,970000
3/19/24,20,Macrococcus,,B,2:29,SPC,48,0,970000
3/19/24,20,Macrococcus,,B,2:29,SPC,72,0,970000
3/19/24,20,Macrococcus,,B,2:29,PF,24,0,970000
3/19/24,20,Macrococcus,,B,2:29,PF,48,0,970000
3/19/24,20,Macrococcus,,B,2:29,PF,72,0,970000
3/19/24,20,Macrococcus,,C,3:16,SPC,24,0,970000
3/19/24,20,Macrococcus,,C,3:16,SPC,48,0,970000
3/19/24,20,Macrococcus,,C,3:16,SPC,72,0,970000
3/19/24,20,Macrococcus,,C,3:16,PF,24,0,970000
3/19/24,20,Macrococcus,,C,3:16,PF,48,0,970000
3/19/24,20,Macrococcus,,C,3:16,PF,72,0,970000
3/19/24,20,Macrococcus,,D,3:30,SPC,24,0,970000
3/19/24,20,Macrococcus,,D,3:30,SPC,48,1.5,970000
3/19/24,20,Macrococcus,,D,3:30,SPC,72,1.5,970000
3/19/24,20,Macrococcus,,D,3:30,PF,24,0,970000
3/19/24,20,Macrococcus,,D,3:30,PF,48,0,970000
3/19/24,20,Macrococcus,,D,3:30,PF,72,0,970000
2/27/24,21,Microbacterium,,A,2:14,SPC,24,0,1190000
2/27/24,21,Microbacterium,,A,2:14,SPC,48,835000,1190000
2/27/24,21,Microbacterium,,A,2:14,SPC,72,830000,1190000
2/27/24,21,Microbacterium,,A,2:14,PF,24,0,1190000
2/27/24,21,Microbacterium,,A,2:14,PF,48,415000,1190000
2/27/24,21,Microbacterium,,A,2:14,PF,72,775000,1190000
3/1/24,21,Microbacterium,,B,3:23,SPC,24,0,540000
3/1/24,21,Microbacterium,,B,3:23,SPC,48,250000,540000
3/1/24,21,Microbacterium,,B,3:23,SPC,72,280000,540000
3/1/24,21,Microbacterium,,B,3:23,PF,24,0,540000
3/1/24,21,Microbacterium,,B,3:23,PF,48,310000,540000
3/1/24,21,Microbacterium,,B,3:23,PF,72,365000,540000
2/27/24,21,Microbacterium,,C,3:00,SPC,24,0,1190000
2/27/24,21,Microbacterium,,C,3:00,SPC,48,920000,1190000
2/27/24,21,Microbacterium,,C,3:00,SPC,72,880000,1190000
2/27/24,21,Microbacterium,,C,3:00,PF,24,0,1190000
2/27/24,21,Microbacterium,,C,3:00,PF,48,690000,1190000
2/27/24,21,Microbacterium,,C,3:00,PF,72,740000,1190000
2/27/24,21,Microbacterium,,D,3:00,SPC,24,0,1190000
2/27/24,21,Microbacterium,,D,3:00,SPC,48,595000,1190000
2/27/24,21,Microbacterium,,D,3:00,SPC,72,615000,1190000
2/27/24,21,Microbacterium,,D,3:00,PF,24,0,1190000
2/27/24,21,Microbacterium,,D,3:00,PF,48,635000,1190000
2/27/24,21,Microbacterium,,D,3:00,PF,72,800000,1190000
3/11/24,22,Microbacterium,,A,3:23,SPC,24,0,965000
3/11/24,22,Microbacterium,,A,3:23,SPC,48,880000,965000
3/11/24,22,Microbacterium,,A,3:23,SPC,72,880000,965000
3/11/24,22,Microbacterium,,A,3:23,PF,24,0,965000
3/11/24,22,Microbacterium,,A,3:23,PF,48,515000,965000
3/11/24,22,Microbacterium,,A,3:23,PF,72,1010000,965000
3/11/24,22,Microbacterium,,B,3:38,SPC,24,0,965000
3/11/24,22,Microbacterium,,B,3:38,SPC,48,930000,965000
3/11/24,22,Microbacterium,,B,3:38,SPC,72,960000,965000
3/11/24,22,Microbacterium,,B,3:38,PF,24,0,965000
3/11/24,22,Microbacterium,,B,3:38,PF,48,340000,965000
3/11/24,22,Microbacterium,,B,3:38,PF,72,870000,965000
3/11/24,22,Microbacterium,,C,2:31,SPC,24,0,965000
3/11/24,22,Microbacterium,,C,2:31,SPC,48,823000,965000
3/11/24,22,Microbacterium,,C,2:31,SPC,72,918000,965000
3/11/24,22,Microbacterium,,C,2:31,PF,24,0,965000
3/11/24,22,Microbacterium,,C,2:31,PF,48,860000,965000
3/11/24,22,Microbacterium,,C,2:31,PF,72,940000,965000
3/11/24,22,Microbacterium,,D,2:23,SPC,24,0,965000
3/11/24,22,Microbacterium,,D,2:23,SPC,48,750000,965000
3/11/24,22,Microbacterium,,D,2:23,SPC,72,870000,965000
3/11/24,22,Microbacterium,,D,2:23,PF,24,0,965000
3/11/24,22,Microbacterium,,D,2:23,PF,48,270000,965000
3/11/24,22,Microbacterium,,D,2:23,PF,72,870000,965000
3/5/24,23,Microbacterium,,A,2:49,SPC,24,0,955000
3/5/24,23,Microbacterium,,A,2:49,SPC,48,685000,955000
3/5/24,23,Microbacterium,,A,2:49,SPC,72,700000,955000
3/5/24,23,Microbacterium,,A,2:49,PF,24,0,955000
3/5/24,23,Microbacterium,,A,2:49,PF,48,540000,955000
3/5/24,23,Microbacterium,,A,2:49,PF,72,670000,955000
3/5/24,23,Microbacterium,,B,2:56,SPC,24,0,955000
3/5/24,23,Microbacterium,,B,2:56,SPC,48,690000,955000
3/5/24,23,Microbacterium,,B,2:56,SPC,72,740000,955000
3/5/24,23,Microbacterium,,B,2:56,PF,24,0,955000
3/5/24,23,Microbacterium,,B,2:56,PF,48,490000,955000
3/5/24,23,Microbacterium,,B,2:56,PF,72,715000,955000
3/5/24,23,Microbacterium,,C,4:00,SPC,24,0,955000
3/5/24,23,Microbacterium,,C,4:00,SPC,48,895000,955000
3/5/24,23,Microbacterium,,C,4:00,SPC,72,1100000,955000
3/5/24,23,Microbacterium,,C,4:00,PF,24,0,955000
3/5/24,23,Microbacterium,,C,4:00,PF,48,860000,955000
3/5/24,23,Microbacterium,,C,4:00,PF,72,965000,955000
3/5/24,23,Microbacterium,,D,4:00,SPC,24,0,955000
3/5/24,23,Microbacterium,,D,4:00,SPC,48,850000,955000
3/5/24,23,Microbacterium,,D,4:00,SPC,72,830000,955000
3/5/24,23,Microbacterium,,D,4:00,PF,24,0,955000
3/5/24,23,Microbacterium,,D,4:00,PF,48,555000,955000
3/5/24,23,Microbacterium,,D,4:00,PF,72,785000,955000
12/15/23,25,Microbacterium,,A,2:09,SPC,24,0,2225000
12/15/23,25,Microbacterium,,A,2:09,SPC,48,1,2225000
12/15/23,25,Microbacterium,,A,2:09,SPC,72,1,2225000
12/15/23,25,Microbacterium,,A,2:09,PF,24,0,2225000
12/15/23,25,Microbacterium,,A,2:09,PF,48,0,2225000
12/15/23,25,Microbacterium,,A,2:09,PF,72,0,2225000
12/15/23,25,Microbacterium,,B,2:23,SPC,24,0,2225000
12/15/23,25,Microbacterium,,B,2:23,SPC,48,0,2225000
12/15/23,25,Microbacterium,,B,2:23,SPC,72,0,2225000
12/15/23,25,Microbacterium,,B,2:23,PF,24,0,2225000
12/15/23,25,Microbacterium,,B,2:23,PF,48,0,2225000
12/15/23,25,Microbacterium,,B,2:23,PF,72,0,2225000
12/15/23,25,Microbacterium,,C,4:18,SPC,24,0,2225000
12/15/23,25,Microbacterium,,C,4:18,SPC,48,0,2225000
12/15/23,25,Microbacterium,,C,4:18,SPC,72,0,2225000
12/15/23,25,Microbacterium,,C,4:18,PF,24,0,2225000
12/15/23,25,Microbacterium,,C,4:18,PF,48,0,2225000
12/15/23,25,Microbacterium,,C,4:18,PF,72,0,2225000
12/15/23,25,Microbacterium,,D,4:38,SPC,24,0,2225000
12/15/23,25,Microbacterium,,D,4:38,SPC,48,0,2225000
12/15/23,25,Microbacterium,,D,4:38,SPC,72,0,2225000
12/15/23,25,Microbacterium,,D,4:38,PF,24,0,2225000
12/15/23,25,Microbacterium,,D,4:38,PF,48,0,2225000
12/15/23,25,Microbacterium,,D,4:38,PF,72,0,2225000
12/12/23,26,Micrococcus,,A,3:40,SPC,24,98000000,59000000
12/12/23,26,Micrococcus,,A,3:40,SPC,48,61000000,59000000
12/12/23,26,Micrococcus,,A,3:40,SPC,72,75000000,59000000
12/12/23,26,Micrococcus,,A,3:40,PF,24,4350000,59000000
12/12/23,26,Micrococcus,,A,3:40,PF,48,47450000,59000000
12/12/23,26,Micrococcus,,A,3:40,PF,72,54000000,59000000
12/12/23,26,Micrococcus,,B,1:59,SPC,24,59500000,59000000
12/12/23,26,Micrococcus,,B,1:59,SPC,48,47500000,59000000
12/12/23,26,Micrococcus,,B,1:59,SPC,72,52000000,59000000
12/12/23,26,Micrococcus,,B,1:59,PF,24,1750000,59000000
12/12/23,26,Micrococcus,,B,1:59,PF,48,28400000,59000000
12/12/23,26,Micrococcus,,B,1:59,PF,72,31000000,59000000
12/12/23,26,Micrococcus,,C,3:55,SPC,24,66500000,59000000
12/12/23,26,Micrococcus,,C,3:55,SPC,48,58500000,59000000
12/12/23,26,Micrococcus,,C,3:55,SPC,72,65000000,59000000
12/12/23,26,Micrococcus,,C,3:55,PF,24,880000,59000000
12/12/23,26,Micrococcus,,C,3:55,PF,48,59500000,59000000
12/12/23,26,Micrococcus,,C,3:55,PF,72,62000000,59000000
12/12/23,26,Micrococcus,,D,2:17,SPC,24,5450000,59000000
12/12/23,26,Micrococcus,,D,2:17,SPC,48,3450000,59000000
12/12/23,26,Micrococcus,,D,2:17,SPC,72,23100000,59000000
12/12/23,26,Micrococcus,,D,2:17,PF,24,11000,59000000
12/12/23,26,Micrococcus,,D,2:17,PF,48,18750000,59000000
12/12/23,26,Micrococcus,,D,2:17,PF,72,23950000,59000000
2/27/24,27,Micrococcus,,A,2:14,SPC,24,0,2810000
2/27/24,27,Micrococcus,,A,2:14,SPC,48,42,2810000
2/27/24,27,Micrococcus,,A,2:14,SPC,72,40.5,2810000
2/27/24,27,Micrococcus,,A,2:14,PF,24,0,2810000
2/27/24,27,Micrococcus,,A,2:14,PF,48,25,2810000
2/27/24,27,Micrococcus,,A,2:14,PF,72,41,2810000
3/1/24,27,Micrococcus,,B,3:23,SPC,24,0,2240000
3/1/24,27,Micrococcus,,B,3:23,SPC,48,1.5,2240000
3/1/24,27,Micrococcus,,B,3:23,SPC,72,2,2240000
3/1/24,27,Micrococcus,,B,3:23,PF,24,0,2240000
3/1/24,27,Micrococcus,,B,3:23,PF,48,1.5,2240000
3/1/24,27,Micrococcus,,B,3:23,PF,72,1.5,2240000
2/27/24,27,Micrococcus,,C,3:00,SPC,24,0,2810000
2/27/24,27,Micrococcus,,C,3:00,SPC,48,7.5,2810000
2/27/24,27,Micrococcus,,C,3:00,SPC,72,12.5,2810000
2/27/24,27,Micrococcus,,C,3:00,PF,24,0,2810000
2/27/24,27,Micrococcus,,C,3:00,PF,48,8,2810000
2/27/24,27,Micrococcus,,C,3:00,PF,72,20,2810000
2/27/24,27,Micrococcus,,D,3:00,SPC,24,0,2810000
2/27/24,27,Micrococcus,,D,3:00,SPC,48,0,2810000
2/27/24,27,Micrococcus,,D,3:00,SPC,72,0,2810000
2/27/24,27,Micrococcus,,D,3:00,PF,24,0,2810000
2/27/24,27,Micrococcus,,D,3:00,PF,48,0,2810000
2/27/24,27,Micrococcus,,D,3:00,PF,72,0,2810000
3/11/24,28,Micrococcus,,A,3:23,SPC,24,4,900000
3/11/24,28,Micrococcus,,A,3:23,SPC,48,26.5,900000
3/11/24,28,Micrococcus,,A,3:23,SPC,72,42,900000
3/11/24,28,Micrococcus,,A,3:23,PF,24,0,900000
3/11/24,28,Micrococcus,,A,3:23,PF,48,27.5,900000
3/11/24,28,Micrococcus,,A,3:23,PF,72,63.5,900000
3/11/24,28,Micrococcus,,B,3:38,SPC,24,0,900000
3/11/24,28,Micrococcus,,B,3:38,SPC,48,35.5,900000
3/11/24,28,Micrococcus,,B,3:38,SPC,72,45.5,900000
3/11/24,28,Micrococcus,,B,3:38,PF,24,0,900000
3/11/24,28,Micrococcus,,B,3:38,PF,48,33.5,900000
3/11/24,28,Micrococcus,,B,3:38,PF,72,48,900000
3/11/24,28,Micrococcus,,C,2:31,SPC,24,11,900000
3/11/24,28,Micrococcus,,C,2:31,SPC,48,3.5,900000
3/11/24,28,Micrococcus,,C,2:31,SPC,72,40.5,900000
3/11/24,28,Micrococcus,,C,2:31,PF,24,0,900000
3/11/24,28,Micrococcus,,C,2:31,PF,48,23,900000
3/11/24,28,Micrococcus,,C,2:31,PF,72,71,900000
3/11/24,28,Micrococcus,,D,2:23,SPC,24,6.5,900000
3/11/24,28,Micrococcus,,D,2:23,SPC,48,3.5,900000
3/11/24,28,Micrococcus,,D,2:23,SPC,72,4.5,900000
3/11/24,28,Micrococcus,,D,2:23,PF,24,0,900000
3/11/24,28,Micrococcus,,D,2:23,PF,48,15.4,900000
3/11/24,28,Micrococcus,,D,2:23,PF,72,21.4,900000
1/19/24,29,Micrococcus,,A,3:21,SPC,24,0,31900000
1/19/24,29,Micrococcus,,A,3:21,SPC,48,298,31900000
1/19/24,29,Micrococcus,,A,3:21,SPC,72,402,31900000
1/19/24,29,Micrococcus,,A,3:21,PF,24,0,31900000
1/19/24,29,Micrococcus,,A,3:21,PF,48,238.5,31900000
1/19/24,29,Micrococcus,,A,3:21,PF,72,393.5,31900000
1/19/24,29,Micrococcus,,B,2:41,SPC,24,0,31900000
1/19/24,29,Micrococcus,,B,2:41,SPC,48,0,31900000
1/19/24,29,Micrococcus,,B,2:41,SPC,72,0,31900000
1/19/24,29,Micrococcus,,B,2:41,PF,24,0,31900000
1/19/24,29,Micrococcus,,B,2:41,PF,48,0,31900000
1/19/24,29,Micrococcus,,B,2:41,PF,72,0,31900000
1/19/24,29,Micrococcus,,C,3:02,SPC,24,0,31900000
1/19/24,29,Micrococcus,,C,3:02,SPC,48,0,31900000
1/19/24,29,Micrococcus,,C,3:02,SPC,72,0,31900000
1/19/24,29,Micrococcus,,C,3:02,PF,24,0,31900000
1/19/24,29,Micrococcus,,C,3:02,PF,48,0,31900000
1/19/24,29,Micrococcus,,C,3:02,PF,72,0,31900000
1/19/24,29,Micrococcus,,D,3:33,SPC,24,0,31900000
1/19/24,29,Micrococcus,,D,3:33,SPC,48,4650,31900000
1/19/24,29,Micrococcus,,D,3:33,SPC,72,5400,31900000
1/19/24,29,Micrococcus,,D,3:33,PF,24,0,31900000
1/19/24,29,Micrococcus,,D,3:33,PF,48,7000,31900000
1/19/24,29,Micrococcus,,D,3:33,PF,72,7550,31900000
3/5/24,30,Micrococcus,,A,2:49,SPC,24,0,2360000
3/5/24,30,Micrococcus,,A,2:49,SPC,48,0,2360000
3/5/24,30,Micrococcus,,A,2:49,SPC,72,0,2360000
3/5/24,30,Micrococcus,,A,2:49,PF,24,0,2360000
3/5/24,30,Micrococcus,,A,2:49,PF,48,0,2360000
3/5/24,30,Micrococcus,,A,2:49,PF,72,0,2360000
3/5/24,30,Micrococcus,,B,2:56,SPC,24,0,2360000
3/5/24,30,Micrococcus,,B,2:56,SPC,48,0,2360000
3/5/24,30,Micrococcus,,B,2:56,SPC,72,0,2360000
3/5/24,30,Micrococcus,,B,2:56,PF,24,0,2360000
3/5/24,30,Micrococcus,,B,2:56,PF,48,0,2360000
3/5/24,30,Micrococcus,,B,2:56,PF,72,0,2360000
3/5/24,30,Micrococcus,,C,4:00,SPC,24,0,2360000
3/5/24,30,Micrococcus,,C,4:00,SPC,48,10,2360000
3/5/24,30,Micrococcus,,C,4:00,SPC,72,10,2360000
3/5/24,30,Micrococcus,,C,4:00,PF,24,0,2360000
3/5/24,30,Micrococcus,,C,4:00,PF,48,16.5,2360000
3/5/24,30,Micrococcus,,C,4:00,PF,72,21.5,2360000
3/5/24,30,Micrococcus,,D,4:00,SPC,24,7,2360000
3/5/24,30,Micrococcus,,D,4:00,SPC,48,NA,2360000
3/5/24,30,Micrococcus,,D,4:00,SPC,72,960,2360000
3/5/24,30,Micrococcus,,D,4:00,PF,24,20,2360000
3/5/24,30,Micrococcus,,D,4:00,PF,48,80,2360000
3/5/24,30,Micrococcus,,D,4:00,PF,72,85,2360000
1/26/24,32,Microbacterium,,A,2:00,SPC,24,0,25900000
1/26/24,32,Microbacterium,,A,2:00,SPC,48,9500000,25900000
1/26/24,32,Microbacterium,,A,2:00,SPC,72,15000000,25900000
1/26/24,32,Microbacterium,,A,2:00,PF,24,0,25900000
1/26/24,32,Microbacterium,,A,2:00,PF,48,0,25900000
1/26/24,32,Microbacterium,,A,2:00,PF,72,105000000,25900000
1/26/24,32,Microbacterium,,B,2:00,SPC,24,0,25900000
1/26/24,32,Microbacterium,,B,2:00,SPC,48,19500000,25900000
1/26/24,32,Microbacterium,,B,2:00,SPC,72,26000000,25900000
1/26/24,32,Microbacterium,,B,2:00,PF,24,0,25900000
1/26/24,32,Microbacterium,,B,2:00,PF,48,0,25900000
1/26/24,32,Microbacterium,,B,2:00,PF,72,4000000,25900000
1/26/24,32,Microbacterium,,C,2:01,SPC,24,0,25900000
1/26/24,32,Microbacterium,,C,2:01,SPC,48,17500000,25900000
1/26/24,32,Microbacterium,,C,2:01,SPC,72,17500000,25900000
1/26/24,32,Microbacterium,,C,2:01,PF,24,0,25900000
1/26/24,32,Microbacterium,,C,2:01,PF,48,0,25900000
1/26/24,32,Microbacterium,,C,2:01,PF,72,13500000,25900000
1/26/24,32,Microbacterium,,D,2:09,SPC,24,0,25900000
1/26/24,32,Microbacterium,,D,3:09,SPC,48,9000000,25900000
1/26/24,32,Microbacterium,,D,4:09,SPC,72,9000000,25900000
1/26/24,32,Microbacterium,,D,5:09,PF,24,0,25900000
1/26/24,32,Microbacterium,,D,6:09,PF,48,0,25900000
1/26/24,32,Microbacterium,,D,2:09,PF,72,715000,25900000
3/8/24,33,Staphylococcus,,A,3:39,SPC,24,0,1240000
3/8/24,33,Staphylococcus,,A,3:39,SPC,48,0,1240000
3/8/24,33,Staphylococcus,,A,3:39,SPC,72,0,1240000
3/8/24,33,Staphylococcus,,A,3:39,PF,24,0,1240000
3/8/24,33,Staphylococcus,,A,3:39,PF,48,0,1240000
3/8/24,33,Staphylococcus,,A,3:39,PF,72,0,1240000
3/8/24,33,Staphylococcus,,B,2:47,SPC,24,0,1240000
3/8/24,33,Staphylococcus,,B,2:47,SPC,48,0,1240000
3/8/24,33,Staphylococcus,,B,2:47,SPC,72,0,1240000
3/8/24,33,Staphylococcus,,B,2:47,PF,24,0,1240000
3/8/24,33,Staphylococcus,,B,2:47,PF,48,0,1240000
3/8/24,33,Staphylococcus,,B,2:47,PF,72,0,1240000
3/8/24,33,Staphylococcus,,C,3:10,SPC,24,0,1240000
3/8/24,33,Staphylococcus,,C,3:10,SPC,48,0,1240000
3/8/24,33,Staphylococcus,,C,3:10,SPC,72,0,1240000
3/8/24,33,Staphylococcus,,C,3:10,PF,24,0,1240000
3/8/24,33,Staphylococcus,,C,3:10,PF,48,0,1240000
3/8/24,33,Staphylococcus,,C,3:10,PF,72,0,1240000
3/8/24,33,Staphylococcus,,D,2:50,SPC,24,0,1240000
3/8/24,33,Staphylococcus,,D,2:50,SPC,48,0,1240000
3/8/24,33,Staphylococcus,,D,2:50,SPC,72,0,1240000
3/8/24,33,Staphylococcus,,D,2:50,PF,24,0,1240000
3/8/24,33,Staphylococcus,,D,2:50,PF,48,0,1240000
3/8/24,33,Staphylococcus,,D,2:50,PF,72,0,1240000
3/22/24,34,Staphylococcus,,A,3:34,SPC,24,0,1860000
3/22/24,34,Staphylococcus,,A,3:34,SPC,48,0,1860000
3/22/24,34,Staphylococcus,,A,3:34,SPC,72,0,1860000
3/22/24,34,Staphylococcus,,A,3:34,PF,24,0,1860000
3/22/24,34,Staphylococcus,,A,3:34,PF,48,0,1860000
3/22/24,34,Staphylococcus,,A,3:34,PF,72,0,1860000
3/22/24,34,Staphylococcus,,B,2:53,SPC,24,0,1860000
3/22/24,34,Staphylococcus,,B,2:53,SPC,48,0,1860000
3/22/24,34,Staphylococcus,,B,2:53,SPC,72,0,1860000
3/22/24,34,Staphylococcus,,B,2:53,PF,24,0,1860000
3/22/24,34,Staphylococcus,,B,2:53,PF,48,0,1860000
3/22/24,34,Staphylococcus,,B,2:53,PF,72,0,1860000
3/22/24,34,Staphylococcus,,C,3:25,SPC,24,0,1860000
3/22/24,34,Staphylococcus,,C,3:25,SPC,48,0,1860000
3/22/24,34,Staphylococcus,,C,3:25,SPC,72,0,1860000
3/22/24,34,Staphylococcus,,C,3:25,PF,24,0,1860000
3/22/24,34,Staphylococcus,,C,3:25,PF,48,0,1860000
3/22/24,34,Staphylococcus,,C,3:25,PF,72,0,1860000
3/22/24,34,Staphylococcus,,D,3:01,SPC,24,0,1860000
3/22/24,34,Staphylococcus,,D,3:01,SPC,48,0,1860000
3/22/24,34,Staphylococcus,,D,3:01,SPC,72,0,1860000
3/22/24,34,Staphylococcus,,D,3:01,PF,24,0,1860000
3/22/24,34,Staphylococcus,,D,3:01,PF,48,0,1860000
3/22/24,34,Staphylococcus,,D,3:01,PF,72,0,1860000
12/5/23,35,Streptococcus,,A,3:55,SPC,24,0,880000
12/5/23,35,Staphylococcus,,A,3:55,SPC,48,0,880000
12/5/23,35,Staphylococcus,,A,3:55,SPC,72,0,880000
12/5/23,35,Staphylococcus,,A,3:55,PF,24,0,880000
12/5/23,35,Staphylococcus,,A,3:55,PF,48,0,880000
12/5/23,35,Staphylococcus,,A,3:55,PF,72,0,880000
12/5/23,35,Staphylococcus,,B,2:30,SPC,24,0,880000
12/5/23,35,Staphylococcus,,B,2:30,SPC,48,0,880000
12/5/23,35,Staphylococcus,,B,2:30,SPC,72,0,880000
12/5/23,35,Staphylococcus,,B,2:30,PF,24,0,880000
12/5/23,35,Staphylococcus,,B,2:30,PF,48,0,880000
12/5/23,35,Staphylococcus,,B,2:30,PF,72,0,880000
12/5/23,35,Staphylococcus,,C,2:45,SPC,24,0,880000
12/5/23,35,Staphylococcus,,C,2:45,SPC,48,0,880000
12/5/23,35,Staphylococcus,,C,2:45,SPC,72,0,880000
12/5/23,35,Staphylococcus,,C,2:45,PF,24,0,880000
12/5/23,35,Staphylococcus,,C,2:45,PF,48,0,880000
12/5/23,35,Staphylococcus,,C,2:45,PF,72,0,880000
12/5/23,35,Staphylococcus,,D,3:38,SPC,24,0,880000
12/5/23,35,Staphylococcus,,D,3:38,SPC,48,0,880000
12/5/23,35,Staphylococcus,,D,3:38,SPC,72,0,880000
12/5/23,35,Staphylococcus,,D,3:38,PF,24,0,880000
12/5/23,35,Staphylococcus,,D,3:38,PF,48,0,880000
12/5/23,35,Staphylococcus,,D,3:38,PF,72,0,880000
1/26/24,36,Streptococcus,,A,2:00,SPC,24,0,1880000
1/26/24,36,Streptococcus,,A,2:00,SPC,48,0,1880000
1/26/24,36,Streptococcus,,A,2:00,SPC,72,0,1880000
1/26/24,36,Streptococcus,,A,2:00,PF,24,0,1880000
1/26/24,36,Streptococcus,,A,2:00,PF,48,0,1880000
1/26/24,36,Streptococcus,,A,2:00,PF,72,0,1880000
1/26/24,36,Streptococcus,,B,2:00,SPC,24,0,1880000
1/26/24,36,Streptococcus,,B,2:00,SPC,48,0,1880000
1/26/24,36,Streptococcus,,B,2:00,SPC,72,0,1880000
1/26/24,36,Streptococcus,,B,2:00,PF,24,0,1880000
1/26/24,36,Streptococcus,,B,2:00,PF,48,0,1880000
1/26/24,36,Streptococcus,,B,2:00,PF,72,0,1880000
1/26/24,36,Streptococcus,,C,2:01,SPC,24,0,1880000
1/26/24,36,Streptococcus,,C,2:01,SPC,48,0,1880000
1/26/24,36,Streptococcus,,C,2:01,SPC,72,0,1880000
1/26/24,36,Streptococcus,,C,2:01,PF,24,0,1880000
1/26/24,36,Streptococcus,,C,2:01,PF,48,0,1880000
1/26/24,36,Streptococcus,,C,2:01,PF,72,0,1880000
1/26/24,36,Streptococcus,,D,2:09,SPC,24,0,1880000
1/26/24,36,Streptococcus,,D,3:09,SPC,48,0,1880000
1/26/24,36,Streptococcus,,D,4:09,SPC,72,0,1880000
1/26/24,36,Streptococcus,,D,5:09,PF,24,0,1880000
1/26/24,36,Streptococcus,,D,6:09,PF,48,0,1880000
1/26/24,36,Streptococcus,,D,2:09,PF,72,0,1880000
3/19/24,37,Streptococcus,,A,3:41,SPC,24,0,785000
3/19/24,37,Streptococcus,,A,3:41,SPC,48,660000,785000
3/19/24,37,Streptococcus,,A,3:41,SPC,72,755000,785000
3/19/24,37,Streptococcus,,A,3:41,PF,24,0,785000
3/19/24,37,Streptococcus,,A,3:41,PF,48,620000,785000
3/19/24,37,Streptococcus,,A,3:41,PF,72,735000,785000
3/19/24,37,Streptococcus,,B,2:29,SPC,24,0,785000
3/19/24,37,Streptococcus,,B,2:29,SPC,48,565000,785000
3/19/24,37,Streptococcus,,B,2:29,SPC,72,635000,785000
3/19/24,37,Streptococcus,,B,2:29,PF,24,0,785000
3/19/24,37,Streptococcus,,B,2:29,PF,48,400000,785000
3/19/24,37,Streptococcus,,B,2:29,PF,72,650000,785000
3/19/24,37,Streptococcus,,C,3:16,SPC,24,0,785000
3/19/24,37,Streptococcus,,C,3:16,SPC,48,820000,785000
3/19/24,37,Streptococcus,,C,3:16,SPC,72,805000,785000
3/19/24,37,Streptococcus,,C,3:16,PF,24,0,785000
3/19/24,37,Streptococcus,,C,3:16,PF,48,580000,785000
3/19/24,37,Streptococcus,,C,3:16,PF,72,640000,785000
3/19/24,37,Streptococcus,,D,3:30,SPC,24,0,785000
3/19/24,37,Streptococcus,,D,3:30,SPC,48,720000,785000
3/19/24,37,Streptococcus,,D,3:30,SPC,72,740000,785000
3/19/24,37,Streptococcus,,D,3:30,PF,24,0,785000
3/19/24,37,Streptococcus,,D,3:30,PF,48,460000,785000
3/19/24,37,Streptococcus,,D,3:30,PF,72,700000,785000
12/12/23,38,Streptococcus,,A,3:40,SPC,24,0,15350000
12/12/23,38,Streptococcus,,A,3:40,SPC,48,0,15350000
12/12/23,38,Streptococcus,,A,3:40,SPC,72,0,15350000
12/12/23,38,Streptococcus,,A,3:40,PF,24,6,15350000
12/12/23,38,Streptococcus,,A,3:40,PF,48,6,15350000
12/12/23,38,Streptococcus,,A,3:40,PF,72,6,15350000
12/12/23,38,Streptococcus,,B,1:59,SPC,24,0,15350000
12/12/23,38,Streptococcus,,B,1:59,SPC,48,0,15350000
12/12/23,38,Streptococcus,,B,1:59,SPC,72,0,15350000
12/12/23,38,Streptococcus,,B,1:59,PF,24,1,15350000
12/12/23,38,Streptococcus,,B,1:59,PF,48,1,15350000
12/12/23,38,Streptococcus,,B,1:59,PF,72,1,15350000
12/12/23,38,Streptococcus,,C,3:55,SPC,24,0,15350000
12/12/23,38,Streptococcus,,C,3:55,SPC,48,0,15350000
12/12/23,38,Streptococcus,,C,3:55,SPC,72,0,15350000
12/12/23,38,Streptococcus,,C,3:55,PF,24,0,15350000
12/12/23,38,Streptococcus,,C,3:55,PF,48,0,15350000
12/12/23,38,Streptococcus,,C,3:55,PF,72,0,15350000
12/12/23,38,Streptococcus,,D,2:17,SPC,24,0,15350000
12/12/23,38,Streptococcus,,D,2:17,SPC,48,0,15350000
12/12/23,38,Streptococcus,,D,2:17,SPC,72,0,15350000
12/12/23,38,Streptococcus,,D,2:17,PF,24,0,15350000
12/12/23,38,Streptococcus,,D,2:17,PF,48,0,15350000
12/12/23,38,Streptococcus,,D,2:17,PF,72,0,15350000
3/11/24,39,Streptococcus,,A,3:23,SPC,24,227000,750000
3/11/24,39,Streptococcus,,A,3:23,SPC,48,505000,750000
3/11/24,39,Streptococcus,,A,3:23,SPC,72,465000,750000
3/11/24,39,Streptococcus,,A,3:23,PF,24,0,750000
3/11/24,39,Streptococcus,,A,3:23,PF,48,0,750000
3/11/24,39,Streptococcus,,A,3:23,PF,72,0,750000
3/11/24,39,Streptococcus,,B,3:38,SPC,24,460000,750000
3/11/24,39,Streptococcus,,B,3:38,SPC,48,410000,750000
3/11/24,39,Streptococcus,,B,3:38,SPC,72,355000,750000
3/11/24,39,Streptococcus,,B,3:38,PF,24,0,750000
3/11/24,39,Streptococcus,,B,3:38,PF,48,0,750000
3/11/24,39,Streptococcus,,B,3:38,PF,72,0,750000
3/11/24,39,Streptococcus,,C,2:31,SPC,24,835000,750000
3/11/24,39,Streptococcus,,C,2:31,SPC,48,535000,750000
3/11/24,39,Streptococcus,,C,2:31,SPC,72,520000,750000
3/11/24,39,Streptococcus,,C,2:31,PF,24,0,750000
3/11/24,39,Streptococcus,,C,2:31,PF,48,0,750000
3/11/24,39,Streptococcus,,C,2:31,PF,72,0,750000
3/11/24,39,Streptococcus,,D,2:23,SPC,24,630000,750000
3/11/24,39,Streptococcus,,D,2:23,SPC,48,660000,750000
3/11/24,39,Streptococcus,,D,2:23,SPC,72,590000,750000
3/11/24,39,Streptococcus,,D,2:23,PF,24,0,750000
3/11/24,39,Streptococcus,,D,2:23,PF,48,0,750000
3/11/24,39,Streptococcus,,D,2:23,PF,72,0,750000
3/8/24,40,Streptococcus,,A,3:39,SPC,24,1760000,1820000
3/8/24,40,Streptococcus,,A,3:39,SPC,48,1810000,1820000
3/8/24,40,Streptococcus,,A,3:39,SPC,72,1770000,1820000
3/8/24,40,Streptococcus,,A,3:39,PF,24,0,1820000
3/8/24,40,Streptococcus,,A,3:39,PF,48,0,1820000
3/8/24,40,Streptococcus,,A,3:39,PF,72,0,1820000
3/8/24,40,Streptococcus,,B,2:47,SPC,24,1570000,1820000
3/8/24,40,Streptococcus,,B,2:47,SPC,48,1740000,1820000
3/8/24,40,Streptococcus,,B,2:47,SPC,72,1720000,1820000
3/8/24,40,Streptococcus,,B,2:47,PF,24,0,1820000
3/8/24,40,Streptococcus,,B,2:47,PF,48,0,1820000
3/8/24,40,Streptococcus,,B,2:47,PF,72,0,1820000
3/8/24,40,Streptococcus,,C,3:10,SPC,24,193000,1820000
3/8/24,40,Streptococcus,,C,3:10,SPC,48,485000,1820000
3/8/24,40,Streptococcus,,C,3:10,SPC,72,490000,1820000
3/8/24,40,Streptococcus,,C,3:10,PF,24,0,1820000
3/8/24,40,Streptococcus,,C,3:10,PF,48,0,1820000
3/8/24,40,Streptococcus,,C,3:10,PF,72,0,1820000
3/8/24,40,Streptococcus,,D,2:50,SPC,24,695,1820000
3/8/24,40,Streptococcus,,D,2:50,SPC,48,995,1820000
3/8/24,40,Streptococcus,,D,2:50,SPC,72,985,1820000
3/8/24,40,Streptococcus,,D,2:50,PF,24,50,1820000
3/8/24,40,Streptococcus,,D,2:50,PF,48,600,1820000
3/8/24,40,Streptococcus,,D,2:50,PF,72,665,1820000
4/2/24,41,Staphylococcus,,A,3:17,SPC,24,0,28300000
4/2/24,41,Staphylococcus,,A,3:17,SPC,48,0,28300000
4/2/24,41,Staphylococcus,,A,3:17,SPC,72,0,28300000
4/2/24,41,Staphylococcus,,A,3:17,PF,24,0,28300000
4/2/24,41,Staphylococcus,,A,3:17,PF,48,0,28300000
4/2/24,41,Staphylococcus,,A,3:17,PF,72,0,28300000
4/2/24,41,Staphylococcus,,B,3:01,SPC,24,0,28300000
4/2/24,41,Staphylococcus,,B,3:01,SPC,48,0,28300000
4/2/24,41,Staphylococcus,,B,3:01,SPC,72,0,28300000
4/2/24,41,Staphylococcus,,B,3:01,PF,24,0,28300000
4/2/24,41,Staphylococcus,,B,3:01,PF,48,0,28300000
4/2/24,41,Staphylococcus,,B,3:01,PF,72,0,28300000
4/2/24,41,Staphylococcus,,C,2:41,SPC,24,0,28300000
4/2/24,41,Staphylococcus,,C,2:41,SPC,48,0,28300000
4/2/24,41,Staphylococcus,,C,2:41,SPC,72,0,28300000
4/2/24,41,Staphylococcus,,C,2:41,PF,24,0,28300000
4/2/24,41,Staphylococcus,,C,2:41,PF,48,0,28300000
4/2/24,41,Staphylococcus,,C,2:41,PF,72,0,28300000
4/2/24,41,Staphylococcus,,D,2:59,SPC,24,0,28300000
4/2/24,41,Staphylococcus,,D,2:59,SPC,48,0,28300000
4/2/24,41,Staphylococcus,,D,2:59,SPC,72,0,28300000
4/2/24,41,Staphylococcus,,D,2:59,PF,24,0,28300000
4/2/24,41,Staphylococcus,,D,2:59,PF,48,0,28300000
4/2/24,41,Staphylococcus,,D,2:59,PF,72,0,28300000